<?xml version="1.0" encoding="UTF-8"?>
<project-private xmlns="http://www.netbeans.org/ns/project-private/1">
    <editor-bookmarks xmlns="http://www.netbeans.org/ns/editor-bookmarks/2" lastBookmarkId="0"/>
    <open-files xmlns="http://www.netbeans.org/ns/projectui-open-files/2">
        <group>
            <file>file:/home/JuanMier/uo/y2t2/CPM/PL/NetBeansProjects/SumaTres/src/obj/Tablero.java</file>
            <file>file:/home/JuanMier/uo/y2t2/CPM/PL/NetBeansProjects/SumaTres/src/obj/Settings.java</file>
            <file>file:/home/JuanMier/uo/y2t2/CPM/PL/NetBeansProjects/SumaTres/src/game/SumaTres.java</file>
            <file>file:/home/JuanMier/uo/y2t2/CPM/PL/NetBeansProjects/SumaTres/src/gui/ModifyBoardDialog.java</file>
            <file>file:/home/JuanMier/uo/y2t2/CPM/PL/NetBeansProjects/SumaTres/src/gui/LoadSaveDialog.java</file>
            <file>file:/home/JuanMier/uo/y2t2/CPM/PL/NetBeansProjects/SumaTres/src/game/LauncherRF.java</file>
        </group>
    </open-files>
</project-private>
